{
  "u_rmse": 0.0004763511931728715,
  "v_rmse": 0.00048259200041936415,
  "disp_rmse": 0.00047948175049003787,
  "u_rel_l2": 0.01766092814282295,
  "v_rel_l2": 0.05018695174959704,
  "disp_rel_l2": 0.023680551171846483,
  "u_max_abs": 0.0024046368489719985,
  "v_max_abs": 0.002618032413258975
}