{
  "sigma11": {
    "rmse": 0.008635507479184455,
    "rel_l2": 0.06999758837152328,
    "max_abs": 0.03167217212291197
  },
  "sigma22": {
    "rmse": 0.010919973803159127,
    "rel_l2": 0.40618785945893254,
    "max_abs": 0.0635058747933556
  },
  "sigma12": {
    "rmse": 0.006638264260430824,
    "rel_l2": 0.289711339742174,
    "max_abs": 0.027836959667829023
  }
}