{
  "equilibrium_x": {
    "mean_abs": 0.002216707550682991,
    "median_abs": 0.001578960380516819,
    "p95_abs": 0.00692256610443215,
    "max_abs": 0.019526462108280962
  },
  "equilibrium_y": {
    "mean_abs": 0.0023668740799759197,
    "median_abs": 0.001751947605348695,
    "p95_abs": 0.0071369458944366155,
    "max_abs": 0.017206351557552003
  },
  "equilibrium_magnitude": {
    "mean_abs": 0.0035820378486957666,
    "median_abs": 0.00280009365722692,
    "p95_abs": 0.009802303383710863,
    "max_abs": 0.023696764909200228
  },
  "constitutive_sigma11": {
    "mean_abs": 0.006210169457854268,
    "median_abs": 0.004909331908641429,
    "p95_abs": 0.016385732809122828,
    "max_abs": 0.026628713645344873
  },
  "constitutive_sigma22": {
    "mean_abs": 0.005100684277965996,
    "median_abs": 0.004476274635443121,
    "p95_abs": 0.012312677373705139,
    "max_abs": 0.017391033161583323
  },
  "constitutive_sigma12": {
    "mean_abs": 0.004201683682416081,
    "median_abs": 0.003675484749487968,
    "p95_abs": 0.01007733280159337,
    "max_abs": 0.01592606292670669
  },
  "constitutive_magnitude": {
    "mean_abs": 0.01036583554725679,
    "median_abs": 0.00965401400786785,
    "p95_abs": 0.0183822692479597,
    "max_abs": 0.029029689659608178
  }
}