{
  "objective_name": "disp_rel_l2",
  "objective_value": 0.05451320680081379,
  "best_reported_value": 0.05451320680081379,
  "final_loss": 0.00029392982833087444,
  "displacement_metrics": {
    "u_rmse": 0.0009021906298585236,
    "v_rmse": 0.0012738552177324891,
    "disp_rmse": 0.001103778718970716,
    "u_rel_l2": 0.033449109039914736,
    "v_rel_l2": 0.132474036515978,
    "disp_rel_l2": 0.05451320680081379,
    "u_max_abs": 0.004283752292394638,
    "v_max_abs": 0.0071267783641815186
  },
  "stress_metrics": {
    "sigma11": {
      "rmse": 0.019931461911310382,
      "rel_l2": 0.1615601943340983,
      "max_abs": 0.12712075870658135
    },
    "sigma22": {
      "rmse": 0.028677245719432837,
      "rel_l2": 1.06670119030729,
      "max_abs": 0.1725504292617503
    },
    "sigma12": {
      "rmse": 0.010171873873503,
      "rel_l2": 0.44392737197083443,
      "max_abs": 0.04837035067349203
    }
  }
}