{
  "u_rmse": 0.020060762570368942,
  "v_rmse": 0.013483463950226643,
  "disp_rmse": 0.017091489036970667,
  "u_rel_l2": 0.7437615173915256,
  "v_rel_l2": 1.4022071524174045,
  "disp_rel_l2": 0.8441111269185758,
  "u_max_abs": 0.043753424640287704,
  "v_max_abs": 0.024330465964132804
}