{
  "sigma11": {
    "rmse": 0.08359976541591488,
    "rel_l2": 0.6776419314840046,
    "max_abs": 0.303584780748129
  },
  "sigma22": {
    "rmse": 0.044181778453710054,
    "rel_l2": 1.6434198781694422,
    "max_abs": 0.17700840742085538
  },
  "sigma12": {
    "rmse": 0.0243402946260775,
    "rel_l2": 1.0622745779907368,
    "max_abs": 0.0797721645193466
  }
}