{
  "equilibrium_x": {
    "mean_abs": 0.00040914847672295253,
    "median_abs": 0.0002145279435265164,
    "p95_abs": 0.001186297263921018,
    "max_abs": 0.02216576504620325
  },
  "equilibrium_y": {
    "mean_abs": 0.0003533688475170209,
    "median_abs": 0.0002257883549688349,
    "p95_abs": 0.0008606551522281346,
    "max_abs": 0.026642925007796185
  },
  "equilibrium_magnitude": {
    "mean_abs": 0.0005922443749765949,
    "median_abs": 0.00037844709909028894,
    "p95_abs": 0.0014786002199028744,
    "max_abs": 0.034657850381328285
  },
  "constitutive_sigma11": {
    "mean_abs": 0.00046220505330234906,
    "median_abs": 0.0003560194790226401,
    "p95_abs": 0.0012726548614258426,
    "max_abs": 0.0025346026133487437
  },
  "constitutive_sigma22": {
    "mean_abs": 0.0005186583337845528,
    "median_abs": 0.0004205552738503794,
    "p95_abs": 0.00116822022080959,
    "max_abs": 0.0041789799247577515
  },
  "constitutive_sigma12": {
    "mean_abs": 0.0006905056308119681,
    "median_abs": 0.0005160576288329895,
    "p95_abs": 0.0019804077356207067,
    "max_abs": 0.0033171063978848685
  },
  "constitutive_magnitude": {
    "mean_abs": 0.0011148850240113605,
    "median_abs": 0.0010349250383803077,
    "p95_abs": 0.002369525152557862,
    "max_abs": 0.005206042071662392
  }
}