{
  "objective_name": "disp_rel_l2",
  "objective_value": 0.7706715398375332,
  "best_reported_value": 0.5361951457185089,
  "final_loss": 1.015994894260075e-05,
  "displacement_metrics": {
    "u_rmse": 0.018280373886227608,
    "v_rmse": 0.012362370267510414,
    "disp_rmse": 0.015604490414261818,
    "u_rel_l2": 0.6777527685467959,
    "v_rel_l2": 1.2856195788511044,
    "disp_rel_l2": 0.7706715398375332,
    "u_max_abs": 0.03570881485939026,
    "v_max_abs": 0.022366173565387726
  },
  "stress_metrics": {
    "sigma11": {
      "rmse": 0.08048279361106776,
      "rel_l2": 0.6523764204660074,
      "max_abs": 0.2985912304107985
    },
    "sigma22": {
      "rmse": 0.0417030492266255,
      "rel_l2": 1.5512191332705403,
      "max_abs": 0.17865870580775173
    },
    "sigma12": {
      "rmse": 0.022167772397256952,
      "rel_l2": 0.967459984771997,
      "max_abs": 0.07766188326706679
    }
  }
}