{
  "objective_name": "disp_rel_l2",
  "objective_value": 0.7351916484292157,
  "best_reported_value": 0.5420920024030892,
  "final_loss": 4.3616368202492595e-05,
  "displacement_metrics": {
    "u_rmse": 0.017097854986786842,
    "v_rmse": 0.012282309122383595,
    "disp_rmse": 0.014886097982525826,
    "u_rel_l2": 0.6339104732677078,
    "v_rel_l2": 1.2772935051787135,
    "disp_rel_l2": 0.7351916484292157,
    "u_max_abs": 0.03329569101333618,
    "v_max_abs": 0.022536439821124077
  },
  "stress_metrics": {
    "sigma11": {
      "rmse": 0.07736929710516531,
      "rel_l2": 0.62713907948267,
      "max_abs": 0.293387733746036
    },
    "sigma22": {
      "rmse": 0.04275321177596087,
      "rel_l2": 1.5902817982262993,
      "max_abs": 0.18524493337375553
    },
    "sigma12": {
      "rmse": 0.02212801956465077,
      "rel_l2": 0.9657250664347549,
      "max_abs": 0.0759634721972564
    }
  }
}