{
  "objective_name": "disp_rel_l2",
  "objective_value": 0.7917050034274168,
  "best_reported_value": 0.6191917870473042,
  "final_loss": 1.1428022844484076e-05,
  "displacement_metrics": {
    "u_rmse": 0.01857875846326351,
    "v_rmse": 0.012991365045309067,
    "disp_rmse": 0.01603037305176258,
    "u_rel_l2": 0.6888155395562947,
    "v_rel_l2": 1.3510314777966241,
    "disp_rel_l2": 0.7917050034274168,
    "u_max_abs": 0.037144288420677185,
    "v_max_abs": 0.024653691798448563
  },
  "stress_metrics": {
    "sigma11": {
      "rmse": 0.08036918899859027,
      "rel_l2": 0.6514555656209998,
      "max_abs": 0.29481587966130585
    },
    "sigma22": {
      "rmse": 0.04386832000486694,
      "rel_l2": 1.6317602333149788,
      "max_abs": 0.18272643596631916
    },
    "sigma12": {
      "rmse": 0.02297752561938406,
      "rel_l2": 1.0027997485475,
      "max_abs": 0.07771715912451536
    }
  }
}