{
  "objective_name": "disp_rel_l2",
  "objective_value": 0.7529493789739448,
  "best_reported_value": 0.553544773856304,
  "final_loss": 1.615730410679168e-05,
  "displacement_metrics": {
    "u_rmse": 0.018161051088859615,
    "v_rmse": 0.0116205054226912,
    "disp_rmse": 0.015245653854967399,
    "u_rel_l2": 0.6733288860726896,
    "v_rel_l2": 1.2084695652802893,
    "disp_rel_l2": 0.7529493789739448,
    "u_max_abs": 0.037578218769563645,
    "v_max_abs": 0.020375057737092386
  },
  "stress_metrics": {
    "sigma11": {
      "rmse": 0.08095471971569887,
      "rel_l2": 0.6562017531744063,
      "max_abs": 0.2951425716114664
    },
    "sigma22": {
      "rmse": 0.03808267966048656,
      "rel_l2": 1.416553044227836,
      "max_abs": 0.17335898667258853
    },
    "sigma12": {
      "rmse": 0.021765153707047232,
      "rel_l2": 0.9498886444984285,
      "max_abs": 0.07820635635978908
    }
  }
}