{
  "objective_name": "disp_rel_l2",
  "objective_value": 0.05946291618648866,
  "best_reported_value": 0.05173575015911497,
  "final_loss": 0.0003684388648252934,
  "displacement_metrics": {
    "u_rmse": 0.0008216873975470662,
    "v_rmse": 0.0014913288177922368,
    "disp_rmse": 0.0012039999710395932,
    "u_rel_l2": 0.030464418303566533,
    "v_rel_l2": 0.1550901293315006,
    "disp_rel_l2": 0.05946291618648866,
    "u_max_abs": 0.0038381442427635193,
    "v_max_abs": 0.007596470415592194
  },
  "stress_metrics": {
    "sigma11": {
      "rmse": 0.012217037636977762,
      "rel_l2": 0.09902871066858712,
      "max_abs": 0.06746236360747498
    },
    "sigma22": {
      "rmse": 0.028196757427965156,
      "rel_l2": 1.0488285731999227,
      "max_abs": 0.15203442915965068
    },
    "sigma12": {
      "rmse": 0.010459054415859596,
      "rel_l2": 0.4564606873692506,
      "max_abs": 0.042356320246751386
    }
  }
}