{
  "objective_name": "disp_rel_l2",
  "objective_value": 0.7637703124570047,
  "best_reported_value": 0.613152461771789,
  "final_loss": 0.00014792248839512467,
  "displacement_metrics": {
    "u_rmse": 0.018093883991241455,
    "v_rmse": 0.012285303324460983,
    "disp_rmse": 0.015464754775166512,
    "u_rel_l2": 0.6708386052127546,
    "v_rel_l2": 1.2776049131707263,
    "disp_rel_l2": 0.7637703124570047,
    "u_max_abs": 0.03705454617738724,
    "v_max_abs": 0.02293659746646881
  },
  "stress_metrics": {
    "sigma11": {
      "rmse": 0.08438303050796073,
      "rel_l2": 0.683990911857302,
      "max_abs": 0.3053807023649058
    },
    "sigma22": {
      "rmse": 0.04106281919810307,
      "rel_l2": 1.5274046379672988,
      "max_abs": 0.17666829810244472
    },
    "sigma12": {
      "rmse": 0.02260124666098833,
      "rel_l2": 0.986377943557991,
      "max_abs": 0.07717467396935017
    }
  }
}