{
  "objective_name": "disp_rel_l2",
  "objective_value": 0.15270976572364264,
  "best_reported_value": 0.04640764444612118,
  "final_loss": 0.0018514790378286253,
  "displacement_metrics": {
    "u_rmse": 0.00389344406495896,
    "v_rmse": 0.001990650813194733,
    "disp_rmse": 0.0030920541187887548,
    "u_rel_l2": 0.14435113597875782,
    "v_rel_l2": 0.20701689258272965,
    "disp_rel_l2": 0.15270976572364264,
    "u_max_abs": 0.006405872180020165,
    "v_max_abs": 0.008336033545697693
  },
  "stress_metrics": {
    "sigma11": {
      "rmse": 0.02544055616595255,
      "rel_l2": 0.20621574154610578,
      "max_abs": 0.080864625606546
    },
    "sigma22": {
      "rmse": 0.03401331125693708,
      "rel_l2": 1.2651856443619678,
      "max_abs": 0.18563422813494235
    },
    "sigma12": {
      "rmse": 0.010733601838651016,
      "rel_l2": 0.46844266014996394,
      "max_abs": 0.04860517248249334
    }
  }
}