{
  "objective_name": "disp_rel_l2",
  "objective_value": 0.8100491727946787,
  "best_reported_value": 0.613152461771789,
  "final_loss": 2.0441002561710775e-05,
  "displacement_metrics": {
    "u_rmse": 0.020074203610420227,
    "v_rmse": 0.011621739715337753,
    "disp_rmse": 0.016401806846261024,
    "u_rel_l2": 0.7442598580406257,
    "v_rel_l2": 1.2085977691050271,
    "disp_rel_l2": 0.8100491727946787,
    "u_max_abs": 0.04194040969014168,
    "v_max_abs": 0.019993187859654427
  },
  "stress_metrics": {
    "sigma11": {
      "rmse": 0.08799285265559303,
      "rel_l2": 0.7132513630112671,
      "max_abs": 0.3035016473119101
    },
    "sigma22": {
      "rmse": 0.036335350679790906,
      "rel_l2": 1.3515580331377903,
      "max_abs": 0.16548238009912403
    },
    "sigma12": {
      "rmse": 0.02440195245549547,
      "rel_l2": 1.0649654880939623,
      "max_abs": 0.08440055979024279
    }
  }
}