{
  "objective_name": "disp_rel_l2",
  "objective_value": 4.011896737788578,
  "best_reported_value": 4.011896737788578,
  "final_loss": 0.3758312463760376,
  "displacement_metrics": {
    "u_rmse": 0.089011549949646,
    "v_rmse": 0.07262503355741501,
    "disp_rmse": 0.08123254030942917,
    "u_rel_l2": 3.3001418796107136,
    "v_rel_l2": 7.552609492700021,
    "disp_rel_l2": 4.011896737788578,
    "u_max_abs": 0.21166633069515228,
    "v_max_abs": 0.22852720320224762
  },
  "stress_metrics": {
    "sigma11": {
      "rmse": 0.5214253952728188,
      "rel_l2": 4.226563438540679,
      "max_abs": 0.7860793296470249
    },
    "sigma22": {
      "rmse": 0.7520288148941106,
      "rel_l2": 27.97305012626553,
      "max_abs": 1.03704127780451
    },
    "sigma12": {
      "rmse": 0.3361400682367307,
      "rel_l2": 14.67003808365545,
      "max_abs": 0.4874980594109698
    }
  }
}