{
  "objective_name": "disp_rel_l2",
  "objective_value": 1.034505494942095,
  "best_reported_value": 0.6036821978228786,
  "final_loss": 0.00037305880939128165,
  "displacement_metrics": {
    "u_rmse": 0.02128256331469174,
    "v_rmse": 0.02060511429797156,
    "disp_rmse": 0.02094657772138846,
    "u_rel_l2": 0.7890603126073091,
    "v_rel_l2": 2.1428201797141444,
    "disp_rel_l2": 1.034505494942095,
    "u_max_abs": 0.042049846506629025,
    "v_max_abs": 0.03256053628844364
  },
  "stress_metrics": {
    "sigma11": {
      "rmse": 0.08491917606491096,
      "rel_l2": 0.6883367937980087,
      "max_abs": 0.30281904209113303
    },
    "sigma22": {
      "rmse": 0.04142512141312294,
      "rel_l2": 1.5408811136300502,
      "max_abs": 0.1734292706786865
    },
    "sigma12": {
      "rmse": 0.023493068034306855,
      "rel_l2": 1.0252993776465533,
      "max_abs": 0.08139874834316974
    }
  }
}