{
  "objective_name": "disp_rel_l2",
  "objective_value": 0.8132570632536279,
  "best_reported_value": 0.5945149131887502,
  "final_loss": 4.354697550704622e-05,
  "displacement_metrics": {
    "u_rmse": 0.018043551734211967,
    "v_rmse": 0.014722041982549994,
    "disp_rmse": 0.01646675862641383,
    "u_rel_l2": 0.6689725462775944,
    "v_rel_l2": 1.531012553029737,
    "disp_rel_l2": 0.8132570632536279,
    "u_max_abs": 0.03505688533112118,
    "v_max_abs": 0.02598553682871588
  },
  "stress_metrics": {
    "sigma11": {
      "rmse": 0.07942016878554434,
      "rel_l2": 0.6437630094638579,
      "max_abs": 0.29636523316869334
    },
    "sigma22": {
      "rmse": 0.04427253340594819,
      "rel_l2": 1.646795670130981,
      "max_abs": 0.1872938568005701
    },
    "sigma12": {
      "rmse": 0.022047941980494364,
      "rel_l2": 0.9622302697109243,
      "max_abs": 0.07686561291703467
    }
  }
}