{
  "objective_name": "disp_rel_l2",
  "objective_value": 0.7296696052887497,
  "best_reported_value": 0.6247606466627742,
  "final_loss": 1.624092328711413e-05,
  "displacement_metrics": {
    "u_rmse": 0.01659928634762764,
    "v_rmse": 0.012689477764070034,
    "disp_rmse": 0.014774286188185215,
    "u_rel_l2": 0.6154257435219445,
    "v_rel_l2": 1.3196368817810245,
    "disp_rel_l2": 0.7296696052887497,
    "u_max_abs": 0.0318455845117569,
    "v_max_abs": 0.022720176726579666
  },
  "stress_metrics": {
    "sigma11": {
      "rmse": 0.07448634291172604,
      "rel_l2": 0.6037704654883272,
      "max_abs": 0.2851203497235617
    },
    "sigma22": {
      "rmse": 0.043898437755234804,
      "rel_l2": 1.6328805166392932,
      "max_abs": 0.1908117985795203
    },
    "sigma12": {
      "rmse": 0.02158292558060815,
      "rel_l2": 0.9419357290105549,
      "max_abs": 0.0747931498982528
    }
  }
}