{
  "u_rmse": 0.018973695542941513,
  "v_rmse": 0.011277380841779141,
  "disp_rmse": 0.015607377121200824,
  "u_rel_l2": 0.7034580334641523,
  "v_rel_l2": 1.1727864690595269,
  "disp_rel_l2": 0.7708140970937357,
  "u_max_abs": 0.03895309587809306,
  "v_max_abs": 0.02095430042371211
}