{
  "sigma11": {
    "rmse": 0.08699992204733382,
    "rel_l2": 0.7052028785225505,
    "max_abs": 0.3036337582271179
  },
  "sigma22": {
    "rmse": 0.03152812993704933,
    "rel_l2": 1.1727449023887144,
    "max_abs": 0.14330370952805868
  },
  "sigma12": {
    "rmse": 0.021456679674977937,
    "rel_l2": 0.9364260251147487,
    "max_abs": 0.0835902210200039
  }
}