{
  "objective_name": "disp_rel_l2",
  "objective_value": 0.813157467424984,
  "best_reported_value": 0.5420920024030892,
  "final_loss": 6.430389021261362e-06,
  "displacement_metrics": {
    "u_rmse": 0.018806934356689453,
    "v_rmse": 0.013728610239923,
    "disp_rmse": 0.01646474190056324,
    "u_rel_l2": 0.6972752733650195,
    "v_rel_l2": 1.4277009084947123,
    "disp_rel_l2": 0.813157467424984,
    "u_max_abs": 0.03684761002659798,
    "v_max_abs": 0.02503782883286476
  },
  "stress_metrics": {
    "sigma11": {
      "rmse": 0.07964354056520329,
      "rel_l2": 0.6455736136378534,
      "max_abs": 0.2966104116027197
    },
    "sigma22": {
      "rmse": 0.04556013195079469,
      "rel_l2": 1.6946901894953343,
      "max_abs": 0.18907240838510425
    },
    "sigma12": {
      "rmse": 0.0224694013443773,
      "rel_l2": 0.980623866616253,
      "max_abs": 0.0758544553019622
    }
  }
}