{
  "objective_name": "disp_rel_l2",
  "objective_value": 0.7898730094897981,
  "best_reported_value": 0.5811052463471645,
  "final_loss": 6.989376288402127e-06,
  "displacement_metrics": {
    "u_rmse": 0.01863025687634945,
    "v_rmse": 0.012825117446482182,
    "disp_rmse": 0.015993280336260796,
    "u_rel_l2": 0.6907248821741181,
    "v_rel_l2": 1.3337426710052172,
    "disp_rel_l2": 0.7898730094897981,
    "u_max_abs": 0.036689642816782,
    "v_max_abs": 0.023979011923074722
  },
  "stress_metrics": {
    "sigma11": {
      "rmse": 0.08094564908473403,
      "rel_l2": 0.6561282285675338,
      "max_abs": 0.3009599227194628
    },
    "sigma22": {
      "rmse": 0.042214700001828726,
      "rel_l2": 1.5702508944191045,
      "max_abs": 0.1773120990465346
    },
    "sigma12": {
      "rmse": 0.022578915828226284,
      "rel_l2": 0.9854033671893444,
      "max_abs": 0.07818593289186747
    }
  }
}