{
  "objective_name": "disp_rel_l2",
  "objective_value": 0.11619042603555742,
  "best_reported_value": 0.048575814186396817,
  "final_loss": 0.004278636071830988,
  "displacement_metrics": {
    "u_rmse": 0.0020598089322447777,
    "v_rmse": 0.0026128084864467382,
    "disp_rmse": 0.0023526137229055166,
    "u_rel_l2": 0.07636831443433108,
    "v_rel_l2": 0.2717179107837777,
    "disp_rel_l2": 0.11619042603555742,
    "u_max_abs": 0.005287207663059235,
    "v_max_abs": 0.005622958764433861
  },
  "stress_metrics": {
    "sigma11": {
      "rmse": 0.025137288268464213,
      "rel_l2": 0.20375751642084772,
      "max_abs": 0.1246248090316237
    },
    "sigma22": {
      "rmse": 0.0380904074210695,
      "rel_l2": 1.4168404920355109,
      "max_abs": 0.2103251075814429
    },
    "sigma12": {
      "rmse": 0.01203532137847893,
      "rel_l2": 0.5252531300343963,
      "max_abs": 0.05079918050980298
    }
  }
}