{
  "objective_name": "disp_rel_l2",
  "objective_value": 0.8821541513910504,
  "best_reported_value": 0.5671799981235844,
  "final_loss": 3.2549447496421635e-05,
  "displacement_metrics": {
    "u_rmse": 0.023186691105365753,
    "v_rmse": 0.010023160837590694,
    "disp_rmse": 0.017861779779195786,
    "u_rel_l2": 0.8596566373834329,
    "v_rel_l2": 1.0423543534893216,
    "disp_rel_l2": 0.8821541513910504,
    "u_max_abs": 0.04472485929727554,
    "v_max_abs": 0.019345127046108246
  },
  "stress_metrics": {
    "sigma11": {
      "rmse": 0.08468796058940556,
      "rel_l2": 0.6864626102924574,
      "max_abs": 0.30901480873273224
    },
    "sigma22": {
      "rmse": 0.041131998028047456,
      "rel_l2": 1.5299778676619396,
      "max_abs": 0.1690844824979964
    },
    "sigma12": {
      "rmse": 0.023641292144782448,
      "rel_l2": 1.0317682682997835,
      "max_abs": 0.08045679628332646
    }
  }
}