{
  "objective_name": "disp_rel_l2",
  "objective_value": 0.7992624127755539,
  "best_reported_value": 0.7151211861125336,
  "final_loss": 3.033044959011022e-05,
  "displacement_metrics": {
    "u_rmse": 0.01892852410674095,
    "v_rmse": 0.012865288183093071,
    "disp_rmse": 0.0161833968013525,
    "u_rel_l2": 0.7017832661823018,
    "v_rel_l2": 1.3379201805523122,
    "disp_rel_l2": 0.7992624127755539,
    "u_max_abs": 0.03770754486322403,
    "v_max_abs": 0.02446514181792736
  },
  "stress_metrics": {
    "sigma11": {
      "rmse": 0.08181444188068206,
      "rel_l2": 0.6631704783319518,
      "max_abs": 0.2977342720811209
    },
    "sigma22": {
      "rmse": 0.0429473222334603,
      "rel_l2": 1.5975020821437833,
      "max_abs": 0.18063459605676563
    },
    "sigma12": {
      "rmse": 0.023440003213472185,
      "rel_l2": 1.0229834890747733,
      "max_abs": 0.07938323746850283
    }
  }
}