{
  "u_rmse": 0.01925920634131131,
  "v_rmse": 0.015154883424713191,
  "disp_rmse": 0.017328986128938018,
  "u_rel_l2": 0.7140434707765322,
  "v_rel_l2": 1.5760257164352494,
  "disp_rel_l2": 0.8558405869736239,
  "u_max_abs": 0.040876323357644184,
  "v_max_abs": 0.028841662818232534
}