{
  "sigma11": {
    "rmse": 0.07810594104306996,
    "rel_l2": 0.6331101586886252,
    "max_abs": 0.29402469763005673
  },
  "sigma22": {
    "rmse": 0.04520304859529792,
    "rel_l2": 1.6814078386003461,
    "max_abs": 0.1809821047007945
  },
  "sigma12": {
    "rmse": 0.021247309831236447,
    "rel_l2": 0.9272885735834023,
    "max_abs": 0.07604818088982643
  }
}