{
  "equilibrium_x": {
    "mean_abs": 0.0007590438083386705,
    "median_abs": 0.00043322078488347755,
    "p95_abs": 0.002360967207283357,
    "max_abs": 0.013429398304228686
  },
  "equilibrium_y": {
    "mean_abs": 0.0004973356977455864,
    "median_abs": 0.00029389350801050165,
    "p95_abs": 0.001991194314211972,
    "max_abs": 0.005257563730135327
  },
  "equilibrium_magnitude": {
    "mean_abs": 0.0010520277333703437,
    "median_abs": 0.0006091843027499151,
    "p95_abs": 0.003367357426036147,
    "max_abs": 0.013430076557570133
  },
  "constitutive_sigma11": {
    "mean_abs": 0.0009184270834725957,
    "median_abs": 0.000774027190450749,
    "p95_abs": 0.0022197976031948464,
    "max_abs": 0.003211070832254956
  },
  "constitutive_sigma22": {
    "mean_abs": 0.0007525079715410675,
    "median_abs": 0.0006824571802694409,
    "p95_abs": 0.001827686418352385,
    "max_abs": 0.0026718502799851942
  },
  "constitutive_sigma12": {
    "mean_abs": 0.0016988981043113112,
    "median_abs": 0.0014111612016582094,
    "p95_abs": 0.004542100435792175,
    "max_abs": 0.00921363867019356
  },
  "constitutive_magnitude": {
    "mean_abs": 0.0023114242458872236,
    "median_abs": 0.0020249259527042084,
    "p95_abs": 0.004778289739773716,
    "max_abs": 0.009402234874696592
  }
}