{
  "objective_name": "disp_rel_l2",
  "objective_value": 0.04635592027900929,
  "best_reported_value": 0.04635592027900929,
  "final_loss": 0.0012335274368524551,
  "displacement_metrics": {
    "u_rmse": 0.0007359724841080606,
    "v_rmse": 0.0011046829167753458,
    "disp_rmse": 0.0009386106394231319,
    "u_rel_l2": 0.027286503215971078,
    "v_rel_l2": 0.11488104060888862,
    "disp_rel_l2": 0.04635592027900929,
    "u_max_abs": 0.003820190206170082,
    "v_max_abs": 0.006413761526346207
  },
  "stress_metrics": {
    "sigma11": {
      "rmse": 0.020849508537460204,
      "rel_l2": 0.16900168517849853,
      "max_abs": 0.12392803590918755
    },
    "sigma22": {
      "rmse": 0.03300003540754072,
      "rel_l2": 1.2274950458562586,
      "max_abs": 0.1874667523871127
    },
    "sigma12": {
      "rmse": 0.01199267971720183,
      "rel_l2": 0.5233921356038106,
      "max_abs": 0.05545669101148375
    }
  }
}