{
  "objective_name": "disp_rel_l2",
  "objective_value": 0.7697583133521996,
  "best_reported_value": 0.6276214291168046,
  "final_loss": 7.087710400810465e-06,
  "displacement_metrics": {
    "u_rmse": 0.01800873875617981,
    "v_rmse": 0.01270952820777893,
    "disp_rmse": 0.015585999935865402,
    "u_rel_l2": 0.6676818586528117,
    "v_rel_l2": 1.3217220708142055,
    "disp_rel_l2": 0.7697583133521996,
    "u_max_abs": 0.03585435077548027,
    "v_max_abs": 0.023612719029188156
  },
  "stress_metrics": {
    "sigma11": {
      "rmse": 0.07921611218166662,
      "rel_l2": 0.6421089699998013,
      "max_abs": 0.2963028888885817
    },
    "sigma22": {
      "rmse": 0.04298078119152287,
      "rel_l2": 1.5987466476345205,
      "max_abs": 0.18114452496869
    },
    "sigma12": {
      "rmse": 0.022371395286083656,
      "rel_l2": 0.9763466240514532,
      "max_abs": 0.07691293507298023
    }
  }
}