{
  "objective_name": "disp_rel_l2",
  "objective_value": 0.05115349666476051,
  "best_reported_value": 0.047677197305662555,
  "final_loss": 0.00179908680729568,
  "displacement_metrics": {
    "u_rmse": 0.0007049947744235396,
    "v_rmse": 0.001283956691622734,
    "disp_rmse": 0.0010357515420764685,
    "u_rel_l2": 0.026137987517984212,
    "v_rel_l2": 0.13352454033411687,
    "disp_rel_l2": 0.05115349666476051,
    "u_max_abs": 0.0038753896951675415,
    "v_max_abs": 0.006351400166749954
  },
  "stress_metrics": {
    "sigma11": {
      "rmse": 0.020169334073378835,
      "rel_l2": 0.16348833552622233,
      "max_abs": 0.11632139361579102
    },
    "sigma22": {
      "rmse": 0.032963128178620765,
      "rel_l2": 1.2261222157942286,
      "max_abs": 0.19007972688180835
    },
    "sigma12": {
      "rmse": 0.011643388697577304,
      "rel_l2": 0.50814815535757,
      "max_abs": 0.05128308810263403
    }
  }
}