{
  "objective_name": "disp_rel_l2",
  "objective_value": 0.05204940762837129,
  "best_reported_value": 0.05118062040234746,
  "final_loss": 0.0016513790469616652,
  "displacement_metrics": {
    "u_rmse": 0.0008707841043360531,
    "v_rmse": 0.0012095915153622627,
    "disp_rmse": 0.0010538919596001506,
    "u_rel_l2": 0.03228469980946456,
    "v_rel_l2": 0.1257909563735162,
    "disp_rel_l2": 0.05204940762837129,
    "u_max_abs": 0.004965794272720814,
    "v_max_abs": 0.0070323217660188675
  },
  "stress_metrics": {
    "sigma11": {
      "rmse": 0.027424119974126634,
      "rel_l2": 0.22229408821975546,
      "max_abs": 0.16801928018377632
    },
    "sigma22": {
      "rmse": 0.03569172077965895,
      "rel_l2": 1.3276170735594137,
      "max_abs": 0.20737806767923267
    },
    "sigma12": {
      "rmse": 0.011696359689570501,
      "rel_l2": 0.5104599489915318,
      "max_abs": 0.05070478165363995
    }
  }
}