{
  "objective_name": "disp_rel_l2",
  "objective_value": 0.06534106036827145,
  "best_reported_value": 0.06534106036827145,
  "final_loss": 0.0002568186610005796,
  "displacement_metrics": {
    "u_rmse": 0.0010847663506865501,
    "v_rmse": 0.0015244822716340423,
    "disp_rmse": 0.0013230200856924057,
    "u_rel_l2": 0.04021818352222365,
    "v_rel_l2": 0.1585378856418123,
    "disp_rel_l2": 0.06534106036827145,
    "u_max_abs": 0.005877521820366383,
    "v_max_abs": 0.007980626076459885
  },
  "stress_metrics": {
    "sigma11": {
      "rmse": 0.022365315421287817,
      "rel_l2": 0.18128849363308477,
      "max_abs": 0.13580849331046319
    },
    "sigma22": {
      "rmse": 0.03054399265166214,
      "rel_l2": 1.1361381646280875,
      "max_abs": 0.16614893884164722
    },
    "sigma12": {
      "rmse": 0.009179182840946034,
      "rel_l2": 0.4006037202285558,
      "max_abs": 0.043283286260721365
    }
  }
}