{
  "objective_name": "disp_rel_l2",
  "objective_value": 6.912858527562225,
  "best_reported_value": 6.912858527562225,
  "final_loss": 0.7346866130828857,
  "displacement_metrics": {
    "u_rmse": 0.16454757750034332,
    "v_rmse": 0.11003561317920685,
    "disp_rmse": 0.13997095823287964,
    "u_rel_l2": 6.100672906178992,
    "v_rel_l2": 11.44310686453962,
    "disp_rel_l2": 6.912858527562225,
    "u_max_abs": 0.3209872841835022,
    "v_max_abs": 0.16395297646522522
  },
  "stress_metrics": {
    "sigma11": {
      "rmse": 1.1246147850750492,
      "rel_l2": 9.115888439905197,
      "max_abs": 1.6518397566820329
    },
    "sigma22": {
      "rmse": 0.5317311363044708,
      "rel_l2": 19.778685915958476,
      "max_abs": 0.7920621463130746
    },
    "sigma12": {
      "rmse": 0.09282926331795306,
      "rel_l2": 4.051313594644068,
      "max_abs": 0.2585122844417923
    }
  }
}