{
  "objective_name": "disp_rel_l2",
  "objective_value": 0.8168136603806119,
  "best_reported_value": 0.7002769826072804,
  "final_loss": 6.397380639100447e-05,
  "displacement_metrics": {
    "u_rmse": 0.018114475533366203,
    "v_rmse": 0.014796208590269089,
    "disp_rmse": 0.016538772732019424,
    "u_rel_l2": 0.6716020929984456,
    "v_rel_l2": 1.5387254785433322,
    "disp_rel_l2": 0.8168136603806119,
    "u_max_abs": 0.0361846499145031,
    "v_max_abs": 0.02798822522163391
  },
  "stress_metrics": {
    "sigma11": {
      "rmse": 0.06867910429462099,
      "rel_l2": 0.556698223437103,
      "max_abs": 0.276388481605514
    },
    "sigma22": {
      "rmse": 0.05539211477746719,
      "rel_l2": 2.060408288328844,
      "max_abs": 0.20108889848691852
    },
    "sigma12": {
      "rmse": 0.02314874719741827,
      "rel_l2": 1.0102723092680397,
      "max_abs": 0.07968052308490069
    }
  }
}