{
  "objective_name": "disp_rel_l2",
  "objective_value": 0.764864230813768,
  "best_reported_value": 0.5671799981235844,
  "final_loss": 1.585501740919426e-05,
  "displacement_metrics": {
    "u_rmse": 0.017925189808011055,
    "v_rmse": 0.012584755197167397,
    "disp_rmse": 0.015486905351281166,
    "u_rel_l2": 0.6645841870537597,
    "v_rel_l2": 1.3087464115367782,
    "disp_rel_l2": 0.764864230813768,
    "u_max_abs": 0.03588744252920151,
    "v_max_abs": 0.02278536558151245
  },
  "stress_metrics": {
    "sigma11": {
      "rmse": 0.08087833420136102,
      "rel_l2": 0.6555825884289572,
      "max_abs": 0.3012270968143782
    },
    "sigma22": {
      "rmse": 0.04136062149217671,
      "rel_l2": 1.5384819242824668,
      "max_abs": 0.1767346902261439
    },
    "sigma12": {
      "rmse": 0.022681471536589618,
      "rel_l2": 0.9898791684684909,
      "max_abs": 0.07850318792691023
    }
  }
}