{
  "objective_name": "disp_rel_l2",
  "objective_value": 0.8713535014649916,
  "best_reported_value": 0.5680290189121958,
  "final_loss": 0.002788503160126481,
  "displacement_metrics": {
    "u_rmse": 0.018323117311325122,
    "v_rmse": 0.016935779910339094,
    "disp_rmse": 0.017643090278860272,
    "u_rel_l2": 0.6793375619201831,
    "v_rel_l2": 1.761229296099782,
    "disp_rel_l2": 0.8713535014649916,
    "u_max_abs": 0.037428408882813985,
    "v_max_abs": 0.025257500006575652
  },
  "stress_metrics": {
    "sigma11": {
      "rmse": 0.0977641739485588,
      "rel_l2": 0.7924556167693236,
      "max_abs": 0.321992904238308
    },
    "sigma22": {
      "rmse": 0.02842082756238215,
      "rel_l2": 1.057163260618421,
      "max_abs": 0.14060256708743443
    },
    "sigma12": {
      "rmse": 0.023296461619058493,
      "rel_l2": 1.016718955757802,
      "max_abs": 0.09066243728974761
    }
  }
}