{
  "objective_name": "disp_rel_l2",
  "objective_value": 0.08787069068904366,
  "best_reported_value": 0.042885757658203294,
  "final_loss": 0.0013861749321222305,
  "displacement_metrics": {
    "u_rmse": 0.0017221142770722508,
    "v_rmse": 0.001834506751038134,
    "disp_rmse": 0.0017791982972994447,
    "u_rel_l2": 0.06384813672089598,
    "v_rel_l2": 0.1907787507044085,
    "disp_rel_l2": 0.08787069068904366,
    "u_max_abs": 0.003037191927433014,
    "v_max_abs": 0.004444848746061325
  },
  "stress_metrics": {
    "sigma11": {
      "rmse": 0.020771653900770876,
      "rel_l2": 0.16837061203949313,
      "max_abs": 0.12242464101988954
    },
    "sigma22": {
      "rmse": 0.02982237774739165,
      "rel_l2": 1.109296414033916,
      "max_abs": 0.17684386730892093
    },
    "sigma12": {
      "rmse": 0.012104174788739616,
      "rel_l2": 0.528258074241174,
      "max_abs": 0.04795123146688668
    }
  }
}