{
  "objective_name": "disp_rel_l2",
  "objective_value": 0.753445518956039,
  "best_reported_value": 0.655234336914149,
  "final_loss": 1.5555196217827837e-05,
  "displacement_metrics": {
    "u_rmse": 0.018142594334249734,
    "v_rmse": 0.011675573421133479,
    "disp_rmse": 0.015255699654382114,
    "u_rel_l2": 0.6726445938496702,
    "v_rel_l2": 1.21419633857609,
    "disp_rel_l2": 0.753445518956039,
    "u_max_abs": 0.03692572590515261,
    "v_max_abs": 0.02110217457601845
  },
  "stress_metrics": {
    "sigma11": {
      "rmse": 0.0826174505485037,
      "rel_l2": 0.6696794959344997,
      "max_abs": 0.30190473047668176
    },
    "sigma22": {
      "rmse": 0.03716886617361493,
      "rel_l2": 1.382562125305511,
      "max_abs": 0.1670778913963084
    },
    "sigma12": {
      "rmse": 0.021687097872564474,
      "rel_l2": 0.9464820822563248,
      "max_abs": 0.07893460036109815
    }
  }
}