{
  "objective_name": "disp_rel_l2",
  "objective_value": 0.2512326068812611,
  "best_reported_value": 0.08483714628556585,
  "final_loss": 0.0062376586720347404,
  "displacement_metrics": {
    "u_rmse": 0.004873894155025482,
    "v_rmse": 0.00529140792787075,
    "disp_rmse": 0.005086936522275209,
    "u_rel_l2": 0.1807017432347953,
    "v_rel_l2": 0.5502777432079637,
    "disp_rel_l2": 0.2512326068812611,
    "u_max_abs": 0.009199261665344238,
    "v_max_abs": 0.013131866231560707
  },
  "stress_metrics": {
    "sigma11": {
      "rmse": 0.04199949744073126,
      "rel_l2": 0.34043900034289554,
      "max_abs": 0.09607500708777589
    },
    "sigma22": {
      "rmse": 0.06495126211015408,
      "rel_l2": 2.415977785408898,
      "max_abs": 0.25676083625060947
    },
    "sigma12": {
      "rmse": 0.011494415146711083,
      "rel_l2": 0.5016465571514148,
      "max_abs": 0.050167282293043444
    }
  }
}