{
  "objective_name": "disp_rel_l2",
  "objective_value": 1.8722202307089593,
  "best_reported_value": 0.5328906632922491,
  "final_loss": 0.009802376851439476,
  "displacement_metrics": {
    "u_rmse": 0.05284688621759415,
    "v_rmse": 0.00901794247329235,
    "disp_rmse": 0.03790855035185814,
    "u_rel_l2": 1.9593213308965536,
    "v_rel_l2": 0.9378171236640709,
    "disp_rel_l2": 1.8722202307089593,
    "u_max_abs": 0.0789460688829422,
    "v_max_abs": 0.025381464511156082
  },
  "stress_metrics": {
    "sigma11": {
      "rmse": 0.1038985843875095,
      "rel_l2": 0.8421798440764834,
      "max_abs": 0.322761127140089
    },
    "sigma22": {
      "rmse": 0.02744967760674563,
      "rel_l2": 1.0210396097009142,
      "max_abs": 0.13923251875442894
    },
    "sigma12": {
      "rmse": 0.02404677301350348,
      "rel_l2": 1.049464521583524,
      "max_abs": 0.0915208818770911
    }
  }
}