{
  "objective_name": "disp_rel_l2",
  "objective_value": 0.7344379360517943,
  "best_reported_value": 0.5328906632922491,
  "final_loss": 6.912252138135955e-05,
  "displacement_metrics": {
    "u_rmse": 0.013620498590171337,
    "v_rmse": 0.016023904085159302,
    "disp_rmse": 0.014870835468173027,
    "u_rel_l2": 0.5049859266991903,
    "v_rel_l2": 1.6663992594446675,
    "disp_rel_l2": 0.7344379360517943,
    "u_max_abs": 0.0295577310025692,
    "v_max_abs": 0.02721995860338211
  },
  "stress_metrics": {
    "sigma11": {
      "rmse": 0.08203449917654237,
      "rel_l2": 0.6649542160046834,
      "max_abs": 0.29488198121236175
    },
    "sigma22": {
      "rmse": 0.04043744406194186,
      "rel_l2": 1.5041426968221034,
      "max_abs": 0.1786674937675658
    },
    "sigma12": {
      "rmse": 0.02184778442526378,
      "rel_l2": 0.9534948667184555,
      "max_abs": 0.07929177134712727
    }
  }
}