{
  "objective_name": "disp_rel_l2",
  "objective_value": 0.16374122003264288,
  "best_reported_value": 0.044609840677478065,
  "final_loss": 0.009479512460529804,
  "displacement_metrics": {
    "u_rmse": 0.0012709059519693255,
    "v_rmse": 0.004513179883360863,
    "disp_rmse": 0.003315418027341366,
    "u_rel_l2": 0.047119388377238246,
    "v_rel_l2": 0.469346238982911,
    "disp_rel_l2": 0.16374122003264288,
    "u_max_abs": 0.003973022103309631,
    "v_max_abs": 0.007102448493242264
  },
  "stress_metrics": {
    "sigma11": {
      "rmse": 0.021889342634037915,
      "rel_l2": 0.17743035937539647,
      "max_abs": 0.08608057475764436
    },
    "sigma22": {
      "rmse": 0.03836423806368457,
      "rel_l2": 1.4270261101132673,
      "max_abs": 0.19672597259981067
    },
    "sigma12": {
      "rmse": 0.01158339000187236,
      "rel_l2": 0.5055296542202964,
      "max_abs": 0.05103519983559378
    }
  }
}