{
  "objective_name": "disp_rel_l2",
  "objective_value": 0.048534277478101205,
  "best_reported_value": 0.04853157156097773,
  "final_loss": 0.0005926747107878327,
  "displacement_metrics": {
    "u_rmse": 0.0007830738322809339,
    "v_rmse": 0.0011481568217277527,
    "disp_rmse": 0.0009827178437262774,
    "u_rel_l2": 0.029032803926964404,
    "v_rel_l2": 0.11940208476953432,
    "disp_rel_l2": 0.048534277478101205,
    "u_max_abs": 0.004356849938631058,
    "v_max_abs": 0.006561663001775742
  },
  "stress_metrics": {
    "sigma11": {
      "rmse": 0.02363132484666716,
      "rel_l2": 0.19155049697750673,
      "max_abs": 0.1346742862512053
    },
    "sigma22": {
      "rmse": 0.0326387360728753,
      "rel_l2": 1.2140558741130782,
      "max_abs": 0.18810362056595714
    },
    "sigma12": {
      "rmse": 0.011919280270109061,
      "rel_l2": 0.5201887903738931,
      "max_abs": 0.05330939659690587
    }
  }
}