{
  "objective_name": "disp_rel_l2",
  "objective_value": 0.07500207981774225,
  "best_reported_value": 0.04636089216126652,
  "final_loss": 0.0003763753595997331,
  "displacement_metrics": {
    "u_rmse": 0.0007651857972253706,
    "v_rmse": 0.002006738396281574,
    "disp_rmse": 0.0015186356204478692,
    "u_rel_l2": 0.028369596999837224,
    "v_rel_l2": 0.20868991400754666,
    "disp_rel_l2": 0.07500207981774225,
    "u_max_abs": 0.003297031441291634,
    "v_max_abs": 0.007568947977086831
  },
  "stress_metrics": {
    "sigma11": {
      "rmse": 0.012209139964039873,
      "rel_l2": 0.09896469381019962,
      "max_abs": 0.0801549186556986
    },
    "sigma22": {
      "rmse": 0.02298911481214625,
      "rel_l2": 0.8551210382665839,
      "max_abs": 0.13841420106466817
    },
    "sigma12": {
      "rmse": 0.009032993520649357,
      "rel_l2": 0.39422363317905346,
      "max_abs": 0.04114061209721258
    }
  }
}