{
  "objective_name": "disp_rel_l2",
  "objective_value": 0.8004271428116613,
  "best_reported_value": 0.5813319094613514,
  "final_loss": 7.614780770381913e-06,
  "displacement_metrics": {
    "u_rmse": 0.018501585349440575,
    "v_rmse": 0.013528627343475819,
    "disp_rmse": 0.016206979751586914,
    "u_rel_l2": 0.6859543173576692,
    "v_rel_l2": 1.4069039725144343,
    "disp_rel_l2": 0.8004271428116613,
    "u_max_abs": 0.036198679357767105,
    "v_max_abs": 0.026119500398635864
  },
  "stress_metrics": {
    "sigma11": {
      "rmse": 0.07795266339080596,
      "rel_l2": 0.631867722614591,
      "max_abs": 0.29207729955361694
    },
    "sigma22": {
      "rmse": 0.046876432438728896,
      "rel_l2": 1.7436523287125614,
      "max_abs": 0.19325675130588443
    },
    "sigma12": {
      "rmse": 0.022702764346441046,
      "rel_l2": 0.9908084427828175,
      "max_abs": 0.07564194984217675
    }
  }
}