{
  "objective_name": "disp_rel_l2",
  "objective_value": 0.09481854084551962,
  "best_reported_value": 0.0431772864776646,
  "final_loss": 0.0006324137793853879,
  "displacement_metrics": {
    "u_rmse": 0.0014615830732509494,
    "v_rmse": 0.002288151066750288,
    "disp_rmse": 0.0019198775989934802,
    "u_rel_l2": 0.05418883224007266,
    "v_rel_l2": 0.23795529610327504,
    "disp_rel_l2": 0.09481854084551962,
    "u_max_abs": 0.003118690103292465,
    "v_max_abs": 0.0037663504481315613
  },
  "stress_metrics": {
    "sigma11": {
      "rmse": 0.012174215667318558,
      "rel_l2": 0.09868160488323653,
      "max_abs": 0.07778572416979951
    },
    "sigma22": {
      "rmse": 0.022576337561816904,
      "rel_l2": 0.8397670538370502,
      "max_abs": 0.13987148706567915
    },
    "sigma12": {
      "rmse": 0.008677452916666332,
      "rel_l2": 0.3787069046079047,
      "max_abs": 0.03463849291175135
    }
  }
}