{
  "objective_name": "disp_rel_l2",
  "objective_value": 0.05400788600712321,
  "best_reported_value": 0.05400788600712321,
  "final_loss": 0.0003371981660312131,
  "displacement_metrics": {
    "u_rmse": 0.0008170777731767643,
    "v_rmse": 0.0013130399844097297,
    "disp_rmse": 0.001093547001294001,
    "u_rel_l2": 0.03029351462952199,
    "v_rel_l2": 0.1365490399459563,
    "disp_rel_l2": 0.05400788600712321,
    "u_max_abs": 0.0036782791910403498,
    "v_max_abs": 0.007104645129980008
  },
  "stress_metrics": {
    "sigma11": {
      "rmse": 0.014193013094421078,
      "rel_l2": 0.11504554778392154,
      "max_abs": 0.08592125178584498
    },
    "sigma22": {
      "rmse": 0.02949031174899683,
      "rel_l2": 1.0969446282587465,
      "max_abs": 0.1613097773066607
    },
    "sigma12": {
      "rmse": 0.010050105042587434,
      "rel_l2": 0.4386130594096929,
      "max_abs": 0.043188670940561565
    }
  }
}