{
  "objective_name": "disp_rel_l2",
  "objective_value": 0.223322310252639,
  "best_reported_value": 0.05019888901734332,
  "final_loss": 0.014119476079940796,
  "displacement_metrics": {
    "u_rmse": 0.005843266379088163,
    "v_rmse": 0.002598035614937544,
    "disp_rmse": 0.004521810915321112,
    "u_rel_l2": 0.21664164081825552,
    "v_rel_l2": 0.2701816010593745,
    "disp_rel_l2": 0.223322310252639,
    "u_max_abs": 0.008813191205263138,
    "v_max_abs": 0.004871148616075516
  },
  "stress_metrics": {
    "sigma11": {
      "rmse": 0.026427054613807704,
      "rel_l2": 0.21421208830957758,
      "max_abs": 0.15873526071356148
    },
    "sigma22": {
      "rmse": 0.0343132571718684,
      "rel_l2": 1.2763426664698567,
      "max_abs": 0.2021483784983817
    },
    "sigma12": {
      "rmse": 0.01200961679923471,
      "rel_l2": 0.5241313144816865,
      "max_abs": 0.05262111552029379
    }
  }
}