{
  "objective_name": "disp_rel_l2",
  "objective_value": 0.8369119684040917,
  "best_reported_value": 0.47975246152761075,
  "final_loss": 1.4514100257656537e-05,
  "displacement_metrics": {
    "u_rmse": 0.01956324838101864,
    "v_rmse": 0.01384175568819046,
    "disp_rmse": 0.016945721581578255,
    "u_rel_l2": 0.725315938873119,
    "v_rel_l2": 1.4394675720384429,
    "disp_rel_l2": 0.8369119684040917,
    "u_max_abs": 0.03828843683004379,
    "v_max_abs": 0.025041744112968445
  },
  "stress_metrics": {
    "sigma11": {
      "rmse": 0.07843298147264544,
      "rel_l2": 0.6357610789067419,
      "max_abs": 0.291800145405992
    },
    "sigma22": {
      "rmse": 0.04376015395635687,
      "rel_l2": 1.6277368046417575,
      "max_abs": 0.1832162743876639
    },
    "sigma12": {
      "rmse": 0.022073274104640515,
      "rel_l2": 0.9633358303419836,
      "max_abs": 0.0767198700406173
    }
  }
}