{
  "objective_name": "disp_rel_l2",
  "objective_value": 0.06837270299919393,
  "best_reported_value": 0.06837270299919393,
  "final_loss": 0.00030968713690526783,
  "displacement_metrics": {
    "u_rmse": 0.0012532246764749289,
    "v_rmse": 0.0015041877049952745,
    "disp_rmse": 0.0013844046043232083,
    "u_rel_l2": 0.0464638494889642,
    "v_rel_l2": 0.1564273693645571,
    "disp_rel_l2": 0.06837270299919393,
    "u_max_abs": 0.007318546995520592,
    "v_max_abs": 0.007502593100070953
  },
  "stress_metrics": {
    "sigma11": {
      "rmse": 0.029760903411924368,
      "rel_l2": 0.2412355581433976,
      "max_abs": 0.17016883731378923
    },
    "sigma22": {
      "rmse": 0.033559929536894295,
      "rel_l2": 1.2483213044192567,
      "max_abs": 0.18381834462983043
    },
    "sigma12": {
      "rmse": 0.010914748674862845,
      "rel_l2": 0.47634838528383777,
      "max_abs": 0.047639862224156934
    }
  }
}