{
  "objective_name": "disp_rel_l2",
  "objective_value": 0.8159767865415736,
  "best_reported_value": 0.6627753426219348,
  "final_loss": 0.0003959827299695462,
  "displacement_metrics": {
    "u_rmse": 0.020372960716485977,
    "v_rmse": 0.011440456844866276,
    "disp_rmse": 0.01652182638645172,
    "u_rel_l2": 0.7553363882815218,
    "v_rel_l2": 1.1897456298705567,
    "disp_rel_l2": 0.8159767865415736,
    "u_max_abs": 0.04122303053736687,
    "v_max_abs": 0.021971553564071655
  },
  "stress_metrics": {
    "sigma11": {
      "rmse": 0.09521819566995267,
      "rel_l2": 0.7718184579250651,
      "max_abs": 0.3256296863515815
    },
    "sigma22": {
      "rmse": 0.03601212712901895,
      "rel_l2": 1.3395351579385115,
      "max_abs": 0.15676488601369293
    },
    "sigma12": {
      "rmse": 0.023632319233138053,
      "rel_l2": 1.031376666797961,
      "max_abs": 0.08069365862240584
    }
  }
}