{
  "objective_name": "disp_rel_l2",
  "objective_value": 0.06643606461368519,
  "best_reported_value": 0.04072031666438297,
  "final_loss": 0.0024217835161834955,
  "displacement_metrics": {
    "u_rmse": 0.0012885639443993568,
    "v_rmse": 0.0013995299814268947,
    "disp_rmse": 0.001345191616564989,
    "u_rel_l2": 0.04777407042931793,
    "v_rel_l2": 0.14554353244613985,
    "disp_rel_l2": 0.06643606461368519,
    "u_max_abs": 0.006703026592731476,
    "v_max_abs": 0.00801604799926281
  },
  "stress_metrics": {
    "sigma11": {
      "rmse": 0.03911355002708285,
      "rel_l2": 0.31704612394166964,
      "max_abs": 0.22294520745663485
    },
    "sigma22": {
      "rmse": 0.041474264726187884,
      "rel_l2": 1.5427090866179325,
      "max_abs": 0.16804380950723455
    },
    "sigma12": {
      "rmse": 0.021258643139189834,
      "rel_l2": 0.9277831889982269,
      "max_abs": 0.1265117211011816
    }
  }
}