{
  "objective_name": "disp_rel_l2",
  "objective_value": 0.04444392372253051,
  "best_reported_value": 0.04444392372253051,
  "final_loss": 0.0010469353721011508,
  "displacement_metrics": {
    "u_rmse": 0.0006925399462430681,
    "v_rmse": 0.001067715617051201,
    "disp_rmse": 0.0008998967207511589,
    "u_rel_l2": 0.02567622040613768,
    "v_rel_l2": 0.11103663572681474,
    "disp_rel_l2": 0.04444392372253051,
    "u_max_abs": 0.003113034620975908,
    "v_max_abs": 0.006495802884213439
  },
  "stress_metrics": {
    "sigma11": {
      "rmse": 0.01762575218524016,
      "rel_l2": 0.1428706013138021,
      "max_abs": 0.102125343742858
    },
    "sigma22": {
      "rmse": 0.031266218781216375,
      "rel_l2": 1.163002650834463,
      "max_abs": 0.17187677523337375
    },
    "sigma12": {
      "rmse": 0.011806067595157068,
      "rel_l2": 0.5152478909987893,
      "max_abs": 0.05591587742116812
    }
  }
}