{
  "equilibrium_x": {
    "mean_abs": 0.0030088543175786587,
    "median_abs": 0.0019572845508676897,
    "p95_abs": 0.009319952571438363,
    "max_abs": 0.019021033790499575
  },
  "equilibrium_y": {
    "mean_abs": 0.002146665811523022,
    "median_abs": 0.0014980359370748734,
    "p95_abs": 0.005961843623455066,
    "max_abs": 0.016896087795394834
  },
  "equilibrium_magnitude": {
    "mean_abs": 0.0039630345647467275,
    "median_abs": 0.0027016832215415866,
    "p95_abs": 0.01189271877592874,
    "max_abs": 0.020069452666180196
  },
  "constitutive_sigma11": {
    "mean_abs": 0.0038646421180851005,
    "median_abs": 0.0027297324463987638,
    "p95_abs": 0.011580784622084485,
    "max_abs": 0.022108049404594113
  },
  "constitutive_sigma22": {
    "mean_abs": 0.0035324291639863134,
    "median_abs": 0.0029188326766602267,
    "p95_abs": 0.00890951266315849,
    "max_abs": 0.01721957063236771
  },
  "constitutive_sigma12": {
    "mean_abs": 0.0031330451762644246,
    "median_abs": 0.0020815261941121615,
    "p95_abs": 0.009334637302697768,
    "max_abs": 0.01257967620477131
  },
  "constitutive_magnitude": {
    "mean_abs": 0.006964939140671834,
    "median_abs": 0.005923222409518435,
    "p95_abs": 0.015328756568714895,
    "max_abs": 0.02279998312281703
  }
}