{
  "objective_name": "disp_rel_l2",
  "objective_value": 0.9235801107836514,
  "best_reported_value": 0.7644459817236371,
  "final_loss": 0.003092941828072071,
  "displacement_metrics": {
    "u_rmse": 0.021492376923561096,
    "v_rmse": 0.015411049127578735,
    "disp_rmse": 0.01870056986808777,
    "u_rel_l2": 0.7968392154047557,
    "v_rel_l2": 1.6026654957987188,
    "disp_rel_l2": 0.9235801107836514,
    "u_max_abs": 0.04310864582657814,
    "v_max_abs": 0.03134412690997124
  },
  "stress_metrics": {
    "sigma11": {
      "rmse": 0.08974619483295453,
      "rel_l2": 0.7274635820732291,
      "max_abs": 0.31108170782373756
    },
    "sigma22": {
      "rmse": 0.056941460960822206,
      "rel_l2": 2.1180389769295602,
      "max_abs": 0.20536376596195133
    },
    "sigma12": {
      "rmse": 0.02304735187862782,
      "rel_l2": 1.0058471504467092,
      "max_abs": 0.07887534442772658
    }
  }
}