{
  "objective_name": "disp_rel_l2",
  "objective_value": 0.07053590035505983,
  "best_reported_value": 0.04792524402780741,
  "final_loss": 0.0022339493134339037,
  "displacement_metrics": {
    "u_rmse": 0.0013894583842990647,
    "v_rmse": 0.001465927464026761,
    "disp_rmse": 0.001428204805251491,
    "u_rel_l2": 0.0515147753049571,
    "v_rel_l2": 0.15244850897153023,
    "disp_rel_l2": 0.07053590035505983,
    "u_max_abs": 0.003255837123049976,
    "v_max_abs": 0.006088996838731213
  },
  "stress_metrics": {
    "sigma11": {
      "rmse": 0.021824224928338007,
      "rel_l2": 0.17690252909208443,
      "max_abs": 0.13294325436397056
    },
    "sigma22": {
      "rmse": 0.03362258041522261,
      "rel_l2": 1.2506517153359966,
      "max_abs": 0.20415582007620472
    },
    "sigma12": {
      "rmse": 0.01208542535673243,
      "rel_l2": 0.5274397996360817,
      "max_abs": 0.053287620183251116
    }
  }
}