{
  "objective_name": "disp_rel_l2",
  "objective_value": 0.05597325159248799,
  "best_reported_value": 0.05597325159248799,
  "final_loss": 0.00041799084283411503,
  "displacement_metrics": {
    "u_rmse": 0.0007762691238895059,
    "v_rmse": 0.0014022596878930926,
    "disp_rmse": 0.0011333415750414133,
    "u_rel_l2": 0.028780517077898186,
    "v_rel_l2": 0.1458274020854687,
    "disp_rel_l2": 0.05597325159248799,
    "u_max_abs": 0.003631342202425003,
    "v_max_abs": 0.007407471537590027
  },
  "stress_metrics": {
    "sigma11": {
      "rmse": 0.016333928019549075,
      "rel_l2": 0.13239934917067145,
      "max_abs": 0.10057889795977754
    },
    "sigma22": {
      "rmse": 0.03139289215554747,
      "rel_l2": 1.1677144924283602,
      "max_abs": 0.17003049075294482
    },
    "sigma12": {
      "rmse": 0.011156076074111778,
      "rel_l2": 0.48688054872446074,
      "max_abs": 0.04869815386801489
    }
  }
}