{
  "sigma11": {
    "rmse": 0.06382535398006439,
    "rel_l2": 0.5173547863960266,
    "max_abs": 0.2538653016090393
  },
  "sigma22": {
    "rmse": 0.05194234848022461,
    "rel_l2": 1.9320881366729736,
    "max_abs": 0.20374169945716858
  },
  "sigma12": {
    "rmse": 0.018429428339004517,
    "rel_l2": 0.8043088316917419,
    "max_abs": 0.06505607813596725
  }
}