{
  "u_rmse": 0.01606578566133976,
  "v_rmse": 0.016172533854842186,
  "disp_rmse": 0.016119247302412987,
  "u_rel_l2": 0.5956460008993353,
  "v_rel_l2": 1.6818558350194857,
  "disp_rel_l2": 0.7960942944851132,
  "u_max_abs": 0.03511195629835129,
  "v_max_abs": 0.03572751581668854
}