{
  "equilibrium_x": {
    "mean_abs": 0.0004204336437396705,
    "median_abs": 0.00022792257368564606,
    "p95_abs": 0.0012699263170361517,
    "max_abs": 0.007986987009644508
  },
  "equilibrium_y": {
    "mean_abs": 0.0004243879811838269,
    "median_abs": 0.00023739226162433624,
    "p95_abs": 0.00133401732891798,
    "max_abs": 0.007476966828107834
  },
  "equilibrium_magnitude": {
    "mean_abs": 0.0006707811844535172,
    "median_abs": 0.00038999971002340317,
    "p95_abs": 0.001923181279562413,
    "max_abs": 0.008322279900312424
  },
  "constitutive_sigma11": {
    "mean_abs": 0.0005988908233121037,
    "median_abs": 0.0004779156297445297,
    "p95_abs": 0.0015191763639450073,
    "max_abs": 0.0037991702556610107
  },
  "constitutive_sigma22": {
    "mean_abs": 0.000618533231317997,
    "median_abs": 0.0005119293928146362,
    "p95_abs": 0.0015185914933681483,
    "max_abs": 0.003906715661287308
  },
  "constitutive_sigma12": {
    "mean_abs": 0.0012254633475095034,
    "median_abs": 0.0011090058833360672,
    "p95_abs": 0.0027401238679885865,
    "max_abs": 0.003991409670561552
  },
  "constitutive_magnitude": {
    "mean_abs": 0.0016779727302491665,
    "median_abs": 0.0015772550832480192,
    "p95_abs": 0.003047935804352164,
    "max_abs": 0.004453138913959265
  }
}